[{"fonts":[{"asset":"fonts/MaterialIcons-Regular.ttf"}],"family":"MaterialIcons"},{"family":"ZillaSlab","fonts":[{"asset":"fonts/ZillaSlab-Regular.ttf"},{"style":"italic","asset":"fonts/ZillaSlab-Italic.ttf"},{"weight":700,"asset":"fonts/ZillaSlab-Bold.ttf"}]},{"family":"packages/cupertino_icons/CupertinoIcons","fonts":[{"asset":"packages/cupertino_icons/assets/CupertinoIcons.ttf"}]},{"family":"packages/outline_material_icons/outline_material_icons","fonts":[{"asset":"packages/outline_material_icons/lib/outline_material_icons.ttf"}]}]